"assay_type","feature_id","original_class","name","quality","method","group","chain_length","mean_value__DMEM","mean_value__3T3-L1","mean_value__Adipocytes","mean_value__BMC + 3T3-L1","mean_value__BMC + Adipocytes","median_value__DMEM","median_value__3T3-L1","median_value__Adipocytes","median_value__BMC + 3T3-L1","median_value__BMC + Adipocytes","log2FC_BMC_Adipo_vs_BMC_3T3","log2FC_Adipo_vs_3T3","log2FC_BMC_Adipo_vs_Adipo","log2FC_BMC_3T3_vs_3T3","bmc_effect_adipocyte_abs","bmc_effect_3T3_abs","delta_bmc_effect_abs","bmc_effect_adipocyte_log2","bmc_effect_3T3_log2","delta_bmc_effect_log2","biological_pattern"
"Lipid",629,"Plasmalogenethanolamines","PlasEA-(34:01)",3,NA,"Plasmalogen","Very-long-chain",0.000992166232026299,265.115637172402,85.9801065864869,1602.743432693,1980.40379057819,0.00097489349756488,384.236427635399,0.00108999322865687,1583.64462858674,2022.68494384565,0.353022991706924,-18.4273142788245,20.8235196943955,2.04318242386412,2022.68385385242,1199.40820095134,823.275652901083,20.8235196943955,2.04318242386412,18.7803372705314,"Stronger BMC-associated accumulation in adipocyte context"
"Lipid",671,"Sphingomyelines","SM-(d18:1/20:04)",3,NA,"Sphingomyelin",NA,10.7484315395492,40.3797963110244,4.6221987402501,34.4716406196588,24.0647543716065,0.00097489349756488,37.4120346777332,0.000957145630622731,28.7724070485115,27.6258617471139,-0.0586664515276175,-15.2544029482719,14.8169199862621,-0.37881651048214,27.6249046014833,-8.6396276292217,36.264532230705,14.8169199862621,-0.37881651048214,15.1957364967442,"Stronger BMC-associated accumulation in adipocyte context"
"Lipid",416,"Phosphatidylethanolamines","PEA-(40:09)",3,NA,"Phosphatidylethanolamine","Very-long-chain",5.29072424689021,8.14974444064171,15.8507640834363,24.4082329135161,31.6842928640802,5.55006868163686,0.00150640433643434,14.5868994106904,29.1138785166431,39.5598023028938,0.442328169943353,13.2412756206193,1.43936195950807,14.238309410184,24.9729028922034,29.1123721123067,-4.13946922010332,1.43936195950807,14.238309410184,-12.798947450676,"Adipocyte-enriched; further increased after BMC co-culture"
"Lipid",383,"Phosphatidylethanolamines","PEA-(32:02)",3,NA,"Phosphatidylethanolamine","Very-long-chain",3.04663031080283,2.14304335377925,10.2714221724182,3.69760929864221,107.593950751109,4.52891520853574,0.00148043348809834,4.12816910487584,5.44557130757212,136.849633345735,4.65136434550888,11.4452657049734,5.05094568877749,11.844847048242,132.721464240859,5.44409087408403,127.277373366775,5.05094568877749,11.844847048242,-6.79390135946448,"Adipocyte-enriched; further increased after BMC co-culture"
"Lipid",95,"free Fatty Acids","FA-(22:06)",3,NA,"Fatty acid / Carboxylic acid","Very-long-chain",23.2601802958299,0.632302748495044,15.6000191722153,11.0836148363641,7.97790719244862,20.971032476753,0.758200066477723,15.8155783321837,11.0849589722576,7.88511766540533,-0.491399241589712,4.38262391716951,-1.0041421232586,3.86988103550062,-7.93046066677836,10.3267589057798,-18.2572195725582,-1.0041421232586,3.86988103550062,-4.87402315875922,"Adipocyte-enriched; reduced after BMC co-culture"
"Lipid",652,"Ceramides","CA-(18:00)",3,NA,"Fatty acid / Carboxylic acid","Long-chain",26.9515183867102,10.736951556289,36.9901279035008,8.97637659257022,5.28685787180156,27.589591146237,9.76661992246888,33.7857475187071,9.13356112108601,4.7333484197028,-0.948316345818268,1.79048351634798,-2.8354817479774,-0.0966818858111563,-29.0523990990043,-0.633058801382866,-28.4193402976215,-2.8354817479774,-0.0966818858111563,-2.73879986216625,"Adipocyte-enriched; reduced after BMC co-culture"
"Lipid",380,"Phosphatidylethanolamines","PEA-(30:01)",3,NA,"Phosphatidylethanolamine","Very-long-chain",13.9363261048257,11.5600967124729,22.5500055969298,35.5363635569246,7.61144286433534,13.1981081700333,9.63466114054402,21.5591642945148,24.4717694870277,8.91757507101181,-1.45639506151062,1.16199542371508,-1.27357789445682,1.34481259076888,-12.641589223503,14.8371083464837,-27.4786975699866,-1.27357789445682,1.34481259076888,-2.6183904852257,"Adipocyte-enriched; reduced after BMC co-culture"
"Lipid",257,"Lysophosphatidylcholines","LPC-(20:05)",3,NA,"Lysophosphatidylcholine","Long-chain",2145.74297397271,209.386262090932,39.3924172636338,34.1018985105083,53.2123196695301,2071.78910960921,145.588794976107,33.1371997413244,35.0718455284004,48.4626414639441,0.466559692071339,-2.13537572701374,0.548421348457353,-2.05351407062773,15.3254417226197,-110.516949447706,125.842391170326,0.548421348457353,-2.05351407062773,2.60193541908508,"Stronger BMC-associated accumulation in adipocyte context"
"Lipid",122,"Acylcarnitines","AC-(20:3) (+)",3,NA,"Acylcarnitine","Long-chain",56.1711851386565,12.9794323742376,41.7893903301096,52.0738340574404,24.4374665159771,55.6810148805332,12.5657865664784,39.8718155348511,43.8896707496317,22.9936058997628,-0.932648717536758,1.66586831803614,-0.794136569000045,1.80438046657285,-16.8782096350883,31.3238841831532,-48.2020938182415,-0.794136569000045,1.80438046657285,-2.5985170355729,"Adipocyte-enriched; reduced after BMC co-culture"
"Lipid",398,"Phosphatidylethanolamines","PEA-(38:00)",3,NA,"Phosphatidylethanolamine","Very-long-chain",7.80203999640534,14.2890620991748,18.0951783772192,7.93591340917817,30.0203611811282,9.12890271119753,20.7941687738293,19.0999651401581,6.1988959025649,32.8967553548775,2.40786211383709,-0.122609010671174,0.784375291097843,-1.74609583341042,13.7967902147195,-14.5952728712644,28.3920630859839,0.784375291097843,-1.74609583341042,2.53047112450826,"Stronger BMC-associated accumulation in adipocyte context"
"Lipid",247,"Lysophosphatidylcholines","LPC-(16:01)",3,NA,"Lysophosphatidylcholine","Long-chain",8589.92884309155,2549.18795695217,427.968945338266,3132.71910943551,2686.21149595255,8743.61549760539,2310.30430095091,374.33965613655,3104.7447367226,2701.99752955291,-0.200448303438169,-2.62566309310591,2.85160656046112,0.426391770793376,2327.65787341636,794.440435771693,1533.21743764467,2.85160656046112,0.426391770793376,2.42521478966774,"Stronger BMC-associated accumulation in adipocyte context"
"Lipid",126,"Acylcarnitines","AC-(22:0) (+)",3,NA,"Acylcarnitine","Very-long-chain",11.7448015832255,8.63603271384835,18.4619778017597,27.8768514548996,14.3859075148934,12.2763108010485,7.04359041862136,15.9931213627578,27.6102115716094,14.5811504373972,-0.921097391736141,1.1830686109442,-0.133346984478265,1.97081901820208,-1.41197092536066,20.566621152988,-21.9785920783487,-0.133346984478265,1.97081901820208,-2.10416600268034,"Stronger BMC-associated depletion in adipocyte context"
"Lipid",254,"Lysophosphatidylcholines","LPC-(20:02)",3,NA,"Lysophosphatidylcholine","Long-chain",786.206707661413,92.4394257334767,14.8190368514753,281.952289296313,158.708999646979,776.958920967287,85.934194818698,11.7593759412618,281.786602891594,151.247115379382,-0.897695395338316,-2.8694208209957,3.68502422223257,1.71329879657519,139.48773943812,195.852408072896,-56.3646686347761,3.68502422223257,1.71329879657519,1.97172542565738,"Stronger BMC-associated accumulation in adipocyte context"
"Lipid",627,"Plasmalogenethanolamines","PlasEA-(32:00)",3,NA,"Plasmalogen","Very-long-chain",6.58254313400801,36.4898517128664,25.362315408465,38.8657774895495,45.7924195744002,7.40831238558617,27.2629056807887,19.9391275303016,22.4204200423815,59.4544786239234,1.40697218323447,-0.451337049176243,1.57618320664967,-0.282126025761042,39.5153510936218,-4.84248563840723,44.357836732029,1.57618320664967,-0.282126025761042,1.85830923241071,"Stronger BMC-associated accumulation in adipocyte context"
"Lipid",250,"Lysophosphatidylcholines","LPC-(18:02)",3,NA,"Lysophosphatidylcholine","Long-chain",7956.01913532712,937.813589782088,221.767457460961,648.322773162544,609.80526585015,7955.5079310203,801.105101467916,216.94950007384,623.163228408779,580.548481508786,-0.102193554070146,-1.8846322686004,1.42005728965096,-0.362381424879286,363.598981434946,-177.941873059137,541.540854494084,1.42005728965096,-0.362381424879286,1.78243871453025,"Stronger BMC-associated accumulation in adipocyte context"
"Lipid",245,"Lysophosphatidylcholines","LPC-(14:00)",3,NA,"Lysophosphatidylcholine","Long-chain",2156.13383009565,878.157039765773,225.190873594414,1590.75509093076,1435.87072429347,2183.22094877859,809.310000701077,217.413715704692,1583.16054290043,1417.5030275603,-0.159455745129989,-1.89624946633807,2.70483695470153,0.968043233493449,1200.08931185561,773.850542199352,426.23876965626,2.70483695470153,0.968043233493449,1.73679372120808,"Stronger BMC-associated accumulation in adipocyte context"
"Lipid",4,"Signalling","lysoPAF-(18:1)",2,NA,"Lysophospholipid / PAF","Long-chain",615.712585692515,989.552874854659,161.952961586176,1997.25805784426,1073.21962543001,619.372620226841,1000.18770400594,162.422070988617,1990.64048157736,1076.02851784021,-0.887516373561424,-2.62245118028852,2.72789672001717,0.992961913290072,913.606446851594,990.452777571427,-76.8463307198328,2.72789672001717,0.992961913290072,1.7349348067271,"Stronger BMC-associated accumulation in adipocyte context"
"Lipid",115,"Acylcarnitines","AC-(18:1) (+)",2,NA,"Acylcarnitine","Long-chain",494.783378937536,417.3094428259,780.071476372776,1560.19395697964,996.248329195554,515.011317067504,378.703601658576,783.96999975885,1603.77696171544,1006.7264237925,-0.671801832562497,1.04972930564007,0.360801333874578,2.08233247207715,222.756424033646,1225.07336005687,-1002.31693602322,0.360801333874578,2.08233247207715,-1.72153113820257,"Stronger BMC-associated depletion in adipocyte context"
"Lipid",134,"Acylcarnitines","AC-(24:0) (+)",3,NA,"Acylcarnitine","Very-long-chain",2.43790094564504,3.41704660535033,6.6957131069632,6.74135091605068,6.28680773900819,0.00106491125672793,3.40154526913237,5.86951069798309,4.84297459910462,2.87600482857689,-0.751827338024778,0.787049951088843,-1.0291741422685,0.509703146845118,-2.99350586940619,1.44142932997225,-4.43493519937845,-1.0291741422685,0.509703146845118,-1.53887728911362,"Adipocyte-enriched; reduced after BMC co-culture"
"Lipid",397,"Phosphatidylethanolamines","PEA-(36:06)",3,NA,"Phosphatidylethanolamine","Very-long-chain",0.000992166232026299,0.00143852214842917,4.41002686514693,0.00105139758397948,17.344393776562,0.00097489349756488,0.00148043348809834,4.42009852221577,0.00105718720783773,8.47295553525084,12.968417344905,11.5438421619899,0.938786770822503,-0.485788412092622,4.05285701303507,-0.000423246280260618,4.05328025931533,0.938786770822503,-0.485788412092622,1.42457518291513,"Adipocyte-enriched; further increased after BMC co-culture"
"Lipid",123,"Acylcarnitines","AC-(20:4) (+)",3,NA,"Acylcarnitine","Long-chain",24.3145696654898,16.6200023981548,28.487275137314,27.924186450542,20.2136528149313,25.0256520426989,20.1338954381375,27.8607464767284,26.5465480004299,14.6671410589308,-0.855936585148646,0.468607585726948,-0.925646226592687,0.398897944282907,-13.1936054177975,6.41265256229245,-19.60625798009,-0.925646226592687,0.398897944282907,-1.32454417087559,"Stronger BMC-associated depletion in adipocyte context"
"Lipid",111,"Acylcarnitines","AC-(16:0) (+)",1,NA,"Acylcarnitine","Long-chain",588.988318832262,602.563666968497,906.522039452686,1357.51854050232,945.513622197288,528.382526745189,541.941898904169,890.552065775447,1446.83681140489,949.736664874261,-0.607302754143264,0.716561770536042,0.0928275899544577,1.41669211463376,59.1845990988146,904.894912500723,-845.710313401908,0.0928275899544577,1.41669211463376,-1.32386452467931,"Stronger BMC-associated depletion in adipocyte context"
"Lipid",266,"Lysophosphatidylcholines","LPC-(24:04)",3,NA,"Lysophosphatidylcholine","Very-long-chain",22.5233419582456,3.81313677959096,12.3179354096018,16.041441487379,16.404060942142,20.9585269474637,5.01462181472873,13.674739624707,16.2560720804802,17.7609871028854,0.127733060371524,1.44730055628402,0.377198401099929,1.69676589701242,4.08624747817846,11.2414502657515,-7.15520278757304,0.377198401099929,1.69676589701242,-1.31956749591249,"Stronger BMC-associated depletion in adipocyte context"
"Lipid",388,"Phosphatidylethanolamines","PEA-(34:03)",3,NA,"Phosphatidylethanolamine","Very-long-chain",5.32367903088988,14.827147153239,19.9830296571739,24.4636587984933,105.786180068391,7.47743312632263,14.4001765387326,25.1250728038467,16.6020679118836,71.6417435767869,2.10943749795588,0.803041278217803,1.51167267248769,0.205276452749611,46.5166707729402,2.20189137315105,44.3147793997892,1.51167267248769,0.205276452749611,1.30639621973807,"Adipocyte-enriched; further increased after BMC co-culture"
"Lipid",112,"Acylcarnitines","AC-(16:1) (+)",2,NA,"Acylcarnitine","Long-chain",165.445982739859,162.591147147603,254.860977739868,432.851331187963,298.631639249135,159.534355370411,160.290975056872,252.15858356879,461.913045726309,296.753256170027,-0.638357432391019,0.653638136988468,0.234932524154216,1.5269280935337,44.5946726012369,301.622070669437,-257.027398068201,0.234932524154216,1.5269280935337,-1.29199556937949,"Stronger BMC-associated depletion in adipocyte context"
"Lipid",86,"free Fatty Acids","FA-(20:04)",3,NA,"Fatty acid / Carboxylic acid","Long-chain",16.9475776702278,0.000279955286816122,0.355398630867882,2.30093028543118,5.09279100483581,16.995610397272,0.000288422240931212,0.000272590011266145,2.5274757635485,5.59337953625864,1.14602296884245,-0.0814494307419954,14.324694617058,13.0972222174735,5.59310694624737,2.52718734130757,3.06591960493981,14.324694617058,13.0972222174735,1.22747239958444,"Stronger BMC-associated accumulation in adipocyte context"
"Lipid",249,"Lysophosphatidylcholines","LPC-(18:01)",3,NA,"Lysophosphatidylcholine","Long-chain",52501.8378660165,13088.2380624073,3503.23552704458,19509.5189691723,12839.3106909095,54281.9227574202,12245.6240903931,3441.33097179727,19780.5522840243,12876.3743346124,-0.619356283762016,-1.83122774599787,1.90368786793852,0.691816405702665,9435.04336281511,7534.92819363127,1900.11516918384,1.90368786793852,0.691816405702665,1.21187146223585,"Stronger BMC-associated accumulation in adipocyte context"
"Lipid",387,"Phosphatidylethanolamines","PEA-(34:02)",3,NA,"Phosphatidylethanolamine","Very-long-chain",327.105002053307,887.635087659925,805.262112155242,856.735033555027,1761.42996120264,325.776532789551,880.133304009466,779.925112093568,828.993349025952,1617.05955258112,0.963940378719931,-0.174386445304828,1.05196530183648,-0.0863615221882767,837.134440487554,-51.1399549835132,888.274395471068,1.05196530183648,-0.0863615221882767,1.13832682402476,"Stronger BMC-associated accumulation in adipocyte context"
"Lipid",632,"Plasmalogenethanolamines","PlasEA-(36:00)",3,NA,"Plasmalogen","Very-long-chain",809.240572847926,1217.6388735696,942.424848859505,1059.17341105464,1636.93749262233,782.199389803658,1213.61657679629,841.283888887317,1080.16844067934,1633.99344456631,0.597145892788164,-0.528648075467508,0.957737574387975,-0.168056393867696,792.70955567899,-133.448136116946,926.157691795937,0.957737574387975,-0.168056393867696,1.12579396825567,"Stronger BMC-associated accumulation in adipocyte context"
"Lipid",382,"Phosphatidylethanolamines","PEA-(32:01)",3,NA,"Phosphatidylethanolamine","Very-long-chain",33.3299593846094,156.246925897992,187.158163020727,281.939039644102,600.609237168334,39.0620107603634,147.30152616826,170.46186104319,245.799651311889,612.643376781347,1.31756464807356,0.210676610296858,1.84559852890615,0.738710491129442,442.181515738157,98.498125143629,343.683390594528,1.84559852890615,0.738710491129442,1.10688803777671,"Stronger BMC-associated accumulation in adipocyte context"
"Lipid",256,"Lysophosphatidylcholines","LPC-(20:04)",3,NA,"Lysophosphatidylcholine","Long-chain",19713.5730567196,2122.9452615078,682.930970778552,1426.04058507502,993.485945842868,19928.1752712391,1809.72439528222,627.419606672486,1396.49355656766,981.611289647509,-0.508585170181908,-1.52826748579949,0.645721228062465,-0.373961087555119,354.191682975023,-413.230838714559,767.422521689582,0.645721228062465,-0.373961087555119,1.01968231561758,"Stronger BMC-associated accumulation in adipocyte context"
"Lipid",259,"Lysophosphatidylcholines","LPC-(22:04)",3,NA,"Lysophosphatidylcholine","Very-long-chain",1437.20354116252,261.917882261105,74.5798325801277,481.142470541298,291.634379247133,1458.47263969938,246.330341544497,77.3785242164334,467.902600691315,297.984570923694,-0.650970614884718,-1.67058922289002,1.94523251389577,0.925613905890462,220.606046707261,221.572259146818,-0.966212439557012,1.94523251389577,0.925613905890462,1.01961860800531,"Stronger BMC-associated accumulation in adipocyte context"
"Lipid",265,"Lysophosphatidylcholines","LPC-(24:03)",3,NA,"Lysophosphatidylcholine","Very-long-chain",9.27534508990214,6.0012153811672,18.3952779098173,18.1169416058296,18.2731931873271,10.7864861193972,5.79441667241692,15.9125461091029,15.5432020990332,21.8533601100787,0.491571373361833,1.45742935777572,0.457690426846935,1.42354841126083,5.94081400097581,9.74878542661627,-3.80797142564046,0.457690426846935,1.42354841126083,-0.96585798441389,"Stronger BMC-associated depletion in adipocyte context"
"Lipid",267,"Lysophosphatidylcholines","LPC-(24:05)",3,NA,"Lysophosphatidylcholine","Very-long-chain",48.672795197466,4.65376033295134,0.000990781821209166,24.5677888100436,7.7400733499279,47.2033682585939,0.00150640433643434,0.000957145630622731,25.0670639279815,8.2449877102591,-1.604203776652,-0.654298154572105,13.0724897668192,14.0223953888991,8.24403056462847,25.0655575236451,-16.8215269590166,13.0724897668192,14.0223953888991,-0.949905622079894,"Stronger BMC-associated depletion in adipocyte context"
"Lipid",1,"Signalling","lysoPAF-(16:0)",1,NA,"Lysophospholipid / PAF","Long-chain",637.572186063447,1577.7692093596,603.067323884602,2551.04050355829,1867.7940802117,653.078003316329,1575.30262688266,597.950889799524,2582.83647190017,1856.25389978814,-0.476562247589415,-1.39753010258822,1.63429515219454,0.71332729719574,1258.30300998861,1007.53384501751,250.769164971101,1.63429515219454,0.71332729719574,0.920967854998802,"Stronger BMC-associated accumulation in adipocyte context"
"Lipid",630,"Plasmalogenethanolamines","PlasEA-(34:02)",3,NA,"Plasmalogen","Very-long-chain",79.1840061841904,295.98886448143,271.6522179245,525.905963206065,913.869809465318,78.8452758559022,287.003166986144,276.799611062388,502.628225732045,908.500827462807,0.853996138583731,-0.0522247408453671,1.71464591265192,0.80842503322282,631.701216400419,215.625058745901,416.076157654518,1.71464591265192,0.80842503322282,0.906220879429098,"Stronger BMC-associated accumulation in adipocyte context"
"Lipid",114,"Acylcarnitines","AC-(18:0) (+)",2,NA,"Acylcarnitine","Long-chain",566.9112394367,656.811628777683,728.801522397763,979.149210650949,591.950901701124,539.541330632438,654.487801620373,732.614968790682,1024.11310604052,617.90179432921,-0.728925591575951,0.162688875104076,-0.245677615596644,0.645936851083383,-114.713174461471,369.625304420149,-484.338478881621,-0.245677615596644,0.645936851083383,-0.891614466680027,"Stronger BMC-associated depletion in adipocyte context"
"Lipid",379,"Phosphatidylethanolamines","PEA-(30:00)",3,NA,"Phosphatidylethanolamine","Very-long-chain",35.8320446735401,69.3654963168724,77.7983690087556,161.692988124921,64.5980217365857,33.4493406611812,65.8132573146075,69.9539461481405,112.214078988728,64.5186977867409,-0.798464470398574,0.088027215703375,-0.116688122911232,0.769803563190716,-5.43524836139959,46.40082167412,-51.8360700355196,-0.116688122911232,0.769803563190716,-0.886491686101949,"Stronger BMC-associated depletion in adipocyte context"
"Lipid",394,"Phosphatidylethanolamines","PEA-(36:03)",3,NA,"Phosphatidylethanolamine","Very-long-chain",400.709028959279,726.365589402679,641.804650100901,788.850184592085,1177.09988105088,386.791919839359,703.986432141525,637.996568573391,769.861934993543,1278.50175244784,0.731782493090077,-0.141998959654874,1.00283356841391,0.12905211566896,640.505183874445,65.8755028520181,574.629681022427,1.00283356841391,0.12905211566896,0.873781452744951,"Stronger BMC-associated accumulation in adipocyte context"
"Lipid",628,"Plasmalogenethanolamines","PlasEA-(34:00)",3,NA,"Plasmalogen","Very-long-chain",610.080887712081,1124.60042700212,1070.67157857017,871.647790336977,1307.26490404293,585.658494620624,1149.51304666366,1055.30092417517,842.08766978223,1321.54858519762,0.650187119696081,-0.12336839126469,0.324575015875847,-0.448980495084924,266.247661022449,-307.425376881434,573.673037903883,0.324575015875847,-0.448980495084924,0.773555510960771,"Stronger BMC-associated accumulation in adipocyte context"
"Lipid",116,"Acylcarnitines","AC-(18:2) (+)",3,NA,"Acylcarnitine","Long-chain",43.6538255530451,47.6052911827715,55.6460398260836,93.4289337215996,69.1296319858336,42.0618648182397,49.7675304903722,66.8591300565968,94.3036735911984,74.7253099649226,-0.335716995749199,0.425919782352255,0.160472392971208,0.922109171072661,7.8661799083258,44.5361431008262,-36.6699631925004,0.160472392971208,0.922109171072661,-0.761636778101453,"Stronger BMC-associated depletion in adipocyte context"
"Lipid",641,"Plasmalogenethanolamines","PlasEA-(40:05)",3,NA,"Plasmalogen","Very-long-chain",870.730125386911,2017.60454831214,1234.04337335907,2199.95148356087,2171.99822255583,960.658102713438,2047.07828826891,1209.7122612179,2128.35040522694,2118.30746385995,-0.0068236854316436,-0.758902344820338,0.808248073057181,0.0561694136684868,908.595202642044,81.2721169580236,827.32308568402,0.808248073057181,0.0561694136684868,0.752078659388694,"Stronger BMC-associated accumulation in adipocyte context"
"Lipid",395,"Phosphatidylethanolamines","PEA-(36:04)",3,NA,"Phosphatidylethanolamine","Very-long-chain",575.81221863375,914.423016762197,830.989877418818,1037.02914778304,1904.1889595234,587.345060371411,910.205653777704,855.429955829594,1047.58200152697,1657.33965738285,0.661806122574844,-0.089542818649606,0.95414766653799,0.202798725313539,801.909701553251,137.376347749269,664.533353803983,0.95414766653799,0.202798725313539,0.75134894122445,"Stronger BMC-associated accumulation in adipocyte context"
"Lipid",670,"Sphingomyelines","SM-(d18:1/18:02)",1,NA,"Sphingomyelin",NA,266.076412272277,355.069773384412,334.963348733804,236.068482089111,161.373427417139,262.139619867404,358.828525747333,342.0474768506,263.878681395295,150.067223449975,-0.814265892071941,-0.0690979966980147,-1.18858767905795,-0.443419783684029,-191.980253400625,-94.949844352038,-97.0304090485868,-1.18858767905795,-0.443419783684029,-0.745167895373926,"Stronger BMC-associated depletion in adipocyte context"
"Lipid",378,"Phosphatidylethanolamines","PEA-(28:00)",3,NA,"Phosphatidylethanolamine","Very-long-chain",177.551917319684,203.223478000975,134.004927558515,398.581310808052,101.260846297709,161.906412501585,190.484416046638,108.896863502193,306.001716864576,104.933317372195,-1.54406692669027,-0.806710570969948,-0.0534895808035709,0.683866774916752,-3.96354612999798,115.517300817939,-119.480846947937,-0.0534895808035709,0.683866774916752,-0.737356355720323,"Stronger BMC-associated depletion in adipocyte context"
"Lipid",404,"Phosphatidylethanolamines","PEA-(38:06)",3,NA,"Phosphatidylethanolamine","Very-long-chain",892.02841655997,1297.28902239181,1123.5383387657,1255.68634688624,2017.64624972226,881.015917192381,1304.47508543693,1053.42728681806,1227.35734674732,1647.00902665566,0.424293109202713,-0.3083786548816,0.644757726901734,-0.0879140371825792,593.581739837602,-77.1177386896018,670.699478527203,0.644757726901734,-0.0879140371825792,0.732671764084313,"Stronger BMC-associated accumulation in adipocyte context"
"Lipid",246,"Lysophosphatidylcholines","LPC-(16:00)",3,NA,"Lysophosphatidylcholine","Long-chain",58448.7322001035,33020.8040670777,17357.2862570204,57586.7608411025,50775.8877335179,59779.6537469817,31425.2357616673,16769.2010199665,57738.8523935932,50754.7465567727,-0.185999684451433,-0.906109615873529,1.59772879632679,0.877618864904693,33985.5455368061,26313.6166319259,7671.92890488025,1.59772879632679,0.877618864904693,0.720109931422096,"Stronger BMC-associated accumulation in adipocyte context"
"Lipid",381,"Phosphatidylethanolamines","PEA-(32:00)",3,NA,"Phosphatidylethanolamine","Very-long-chain",209.224463803509,528.533308702086,845.956523775598,619.016018267256,1597.97547156232,214.779821546942,537.614618012707,877.316813591903,605.263991792878,1623.20981941249,1.42321306736459,0.706525551511057,0.887679674762141,0.170992158908608,745.893005820591,67.6493737801711,678.24363204042,0.887679674762141,0.170992158908608,0.716687515853533,"Adipocyte-enriched; further increased after BMC co-culture"
"Lipid",615,"Plasmalogencholines","PlasC-(36:00)",3,NA,"Plasmalogen","Very-long-chain",468.192552358572,1197.76772541061,775.47393361539,1011.21731340915,644.1530710035,516.912678386769,1140.26523044229,449.45241549975,970.158499701316,617.536682513885,-0.651695629662275,-1.34312915260833,0.458356454700463,-0.233077068245592,168.084267014135,-170.106730740977,338.190997755113,0.458356454700463,-0.233077068245592,0.691433522946055,"Stronger BMC-associated accumulation in adipocyte context"
"Lipid",414,"Phosphatidylethanolamines","PEA-(40:07)",3,NA,"Phosphatidylethanolamine","Very-long-chain",239.948180262169,506.503807526738,427.708014276606,623.492159968306,907.743105534244,220.786255630515,510.879831540881,420.353708645063,608.243382662205,805.847999793035,0.405859021645463,-0.281380180711442,0.938903939612221,0.251664737255316,385.494291147972,97.3635511213243,288.130740026647,0.938903939612221,0.251664737255316,0.687239202356905,"Stronger BMC-associated accumulation in adipocyte context"
"Lipid",396,"Phosphatidylethanolamines","PEA-(36:05)",3,NA,"Phosphatidylethanolamine","Very-long-chain",51.7219227206531,114.886164113708,170.353070146288,121.60836100365,338.505734110516,55.2997766506246,125.001473726132,186.517025403515,124.292886722514,297.466223272093,1.25898212904908,0.577362222805823,0.673418535724214,-0.00820137051903996,110.949197868578,-0.708587003617424,111.657784872195,0.673418535724214,-0.00820137051903996,0.681619906243254,"Adipocyte-enriched; further increased after BMC co-culture"
"Lipid",248,"Lysophosphatidylcholines","LPC-(18:00)",3,NA,"Lysophosphatidylcholine","Long-chain",36777.8658228278,18691.3729056003,25757.6039070005,32455.9805441268,29522.3218762955,37775.2761659198,18136.4029140044,26106.5337620697,32220.3588280493,29520.3448386478,-0.12626298679744,0.525522572570284,0.17729865449268,0.829084213860404,3413.81107657809,14083.9559140449,-10670.1448374668,0.17729865449268,0.829084213860404,-0.651785559367724,"Stronger BMC-associated depletion in adipocyte context"
"Lipid",403,"Phosphatidylethanolamines","PEA-(38:05)",3,NA,"Phosphatidylethanolamine","Very-long-chain",1103.66880225243,1670.27789256349,1515.51445291333,1928.17434473181,2734.19421476632,1071.33873638548,1714.20429890349,1505.30963329978,1898.90570253848,2591.98331455328,0.448888166452444,-0.187478788764189,0.783996159793466,0.147629204576834,1086.6736812535,184.701403634993,901.972277618504,0.783996159793466,0.147629204576834,0.636366955216632,"Stronger BMC-associated accumulation in adipocyte context"
"Lipid",650,"Ceramides","CA-(16:00)",3,NA,"Fatty acid / Carboxylic acid","Long-chain",99.2103955794533,132.712291983003,170.60271208148,101.127413235368,81.9106091655043,101.481698136411,129.674583678342,168.29944904509,97.4484578742192,81.5589685936244,-0.2567958240115,0.376134715861557,-1.04511501772091,-0.412184477847854,-86.7404804514661,-32.226125804123,-54.5143546473431,-1.04511501772091,-0.412184477847854,-0.632930539873056,"Stronger BMC-associated depletion in adipocyte context"
"Lipid",642,"Plasmalogenethanolamines","PlasEA-(40:06)",3,NA,"Plasmalogen","Very-long-chain",1055.57223172287,2281.91237138484,1681.00648689718,3043.84148523712,3260.50100841405,1122.53495653039,2283.79368128189,1671.24694976383,2890.14207951714,3266.34986073134,0.176538909700484,-0.450507395793045,0.966754399902894,0.339708094409366,1595.10291096751,606.348398235255,988.754512732252,0.966754399902894,0.339708094409366,0.627046305493528,"Stronger BMC-associated accumulation in adipocyte context"
"Lipid",120,"Acylcarnitines","AC-(20:1) (+)",3,NA,"Acylcarnitine","Long-chain",97.771555539664,83.9351700830715,81.2752083252089,110.995176156425,76.9451823591398,102.571733401344,84.8895366410471,84.0268577667389,122.061777829736,78.6606921640015,-0.633896722276035,-0.0147362055543202,-0.0952076535858784,0.523952863135836,-5.36616560273738,37.1722411886888,-42.5384067914262,-0.0952076535858784,0.523952863135836,-0.619160516721715,"Stronger BMC-associated depletion in adipocyte context"
"Lipid",119,"Acylcarnitines","AC-(20:0) (+)",2,NA,"Acylcarnitine","Long-chain",145.714164931168,167.041122571393,163.959008961578,208.901052895002,144.410897168681,125.899159327585,172.362784174818,173.347634597227,230.172913264845,150.862846842763,-0.609480511655283,0.00821984289101787,-0.200430594950403,0.417269759595898,-22.4847877544639,57.8101290900278,-80.2949168444917,-0.200430594950403,0.417269759595898,-0.617700354546301,"Stronger BMC-associated depletion in adipocyte context"
"Lipid",659,"Ceramides","CA-(20:05)",3,NA,"Fatty acid / Carboxylic acid","Long-chain",0.000302313568244266,0.000279955286816122,0.000230089444174386,7.50216124516602,4.60144993950201,0.000301607992853097,0.000288422240931212,0.000209786498182934,8.63355632908123,4.16457891463234,-1.05178432527811,-0.45925871427061,14.2769543040143,14.8694799150218,4.16436912813416,8.6332679068403,-4.46889877870614,14.2769543040143,14.8694799150218,-0.592525611007499,"Stronger BMC-associated depletion in adipocyte context"
"Lipid",634,"Plasmalogenethanolamines","PlasEA-(36:02)",3,NA,"Plasmalogen","Very-long-chain",258.551163896004,1345.51934542648,1048.78924996671,1671.91782776423,1856.59438842404,260.147170906066,1351.25234236037,1052.77649985761,1597.51741973137,1857.73866472476,0.217715903741478,-0.360097928218733,0.819348375891359,0.241534543931149,804.96216486715,246.265077371,558.697087496151,0.819348375891359,0.241534543931149,0.57781383196021,"Stronger BMC-associated accumulation in adipocyte context"
"Lipid",125,"Acylcarnitines","AC-(21:0) (+)",3,NA,"Acylcarnitine","Very-long-chain",10.7513747184844,23.2161554192645,19.0665638129515,22.6506711457205,15.673378681864,11.030507858473,17.5006846639619,18.2020384575525,17.8854931821986,12.5627528099035,-0.509637271292571,0.0566886633225865,-0.534947398704929,0.0313785359102292,-5.63928564764899,0.38480851823676,-6.02409416588575,-0.534947398704929,0.0313785359102292,-0.566325934615158,"Stronger BMC-associated depletion in adipocyte context"
"Lipid",407,"Phosphatidylethanolamines","PEA-(40:00)",3,NA,"Phosphatidylethanolamine","Very-long-chain",108.532619450674,219.87959585998,127.761230593478,152.087440740982,144.986264596934,102.563303155868,218.344659334158,129.935912801728,144.336712298877,126.938116033151,-0.185312962581037,-0.74880701319266,-0.0336748943602477,-0.597168944971871,-2.99779676857692,-74.0079470352816,71.0101502667047,-0.0336748943602477,-0.597168944971871,0.563494050611623,"Stronger BMC-associated accumulation in adipocyte context"
"Lipid",2,"Signalling","lysoPAF-(16:1)",2,NA,"Lysophospholipid / PAF","Long-chain",810.38944218484,729.728780358253,1489.97639562424,1046.65763706184,1461.51783319897,806.005872727233,695.14165141996,1471.18130060983,1033.81209212776,1483.8919758438,0.521412088493588,1.08159615179423,0.0124110230114115,0.572595086312054,12.710675233971,338.670440707797,-325.959765473826,0.0124110230114115,0.572595086312054,-0.560184063300643,"Stronger BMC-associated depletion in adipocyte context"
"Lipid",402,"Phosphatidylethanolamines","PEA-(38:04)",3,NA,"Phosphatidylethanolamine","Very-long-chain",2848.63257814977,4285.73242751184,4042.79933086797,5914.58409588025,8006.92558416158,2801.83048842507,4289.88937692456,3910.42373735283,5679.86832661403,7580.90549723706,0.416512695751829,-0.133615497675488,0.955045232779093,0.404917039351776,3670.48175988423,1389.97894968947,2280.50281019477,0.955045232779093,0.404917039351776,0.550128193427317,"Stronger BMC-associated accumulation in adipocyte context"
"Lipid",631,"Plasmalogenethanolamines","PlasEA-(34:03)",3,NA,"Plasmalogen","Very-long-chain",0.000992166232026299,12.3472704760103,19.0820262834846,56.2979198558851,172.902290273909,0.00097489349756488,8.54210122632744,18.4116114265232,55.9476180460568,175.393393163798,1.64844578909197,1.10795300056679,3.25190659901946,2.71141381049428,156.981781737275,47.4055168197293,109.576264917545,3.25190659901946,2.71141381049428,0.540492788525188,"Adipocyte-enriched; further increased after BMC co-culture"
"Lipid",411,"Phosphatidylethanolamines","PEA-(40:04)",3,NA,"Phosphatidylethanolamine","Very-long-chain",5436.43112871865,6009.73808978955,5070.65722516207,4114.56001708015,4792.91490960662,5381.03037084825,6056.79982124654,5140.46692598013,4092.01540945079,4896.72698328591,0.259006183012482,-0.236656320508961,-0.0700816493214079,-0.565744152842851,-243.739942694213,-1964.78441179574,1721.04446910153,-0.0700816493214079,-0.565744152842851,0.495662503521443,"No strong descriptive pattern"
"Lipid",389,"Phosphatidylethanolamines","PEA-(34:04)",3,NA,"Phosphatidylethanolamine","Very-long-chain",0.000992166232026299,1.72713049144173,0.000990781821209166,0.00105139758397948,1.93517803436867,0.00097489349756488,0.00150640433643434,0.000957145630622731,0.00105718720783773,0.00094078007854682,-0.168301288588151,-0.654298154572105,-0.0248809118583257,-0.51087777784228,-1.63655520759104e-05,-0.000449217128596617,0.000432851576520707,-0.0248809118583257,-0.51087777784228,0.485996865983954,"No strong descriptive pattern"
"Lipid",260,"Lysophosphatidylcholines","LPC-(22:05)",3,NA,"Lysophosphatidylcholine","Very-long-chain",8147.09550340415,1029.23145758605,409.75514844839,1946.37659207208,1061.57853823017,8350.80539956586,992.119141801768,380.424601162562,1998.58728418621,1055.00206944335,-0.921734752010987,-1.38290283675963,1.47156337884007,1.01039529409143,674.577468280785,1006.46814238444,-331.890674103655,1.47156337884007,1.01039529409143,0.46116808474864,"No strong descriptive pattern"
"Lipid",384,"Phosphatidylethanolamines","PEA-(32:03)",3,NA,"Phosphatidylethanolamine","Very-long-chain",0.000992166232026299,0.00143852214842917,0.000990781821209166,0.00105139758397948,0.874049858769203,0.00097489349756488,0.00148043348809834,0.000957145630622731,0.00105718720783773,0.00094078007854682,-0.168301288588151,-0.629208788822448,-0.0248809118583257,-0.485788412092622,-1.63655520759104e-05,-0.000423246280260618,0.000406880728184708,-0.0248809118583257,-0.485788412092622,0.460907500234296,"No strong descriptive pattern"
"Lipid",77,"free Fatty Acids","FA-(18:00)",3,NA,"Fatty acid / Carboxylic acid","Long-chain",50.2982721270241,36.1434208816785,33.5777604429816,32.5640806158368,24.4735128451565,51.3530570096973,33.1193786496368,32.292252661743,31.8161066994798,22.7022223782881,-0.4869237719963,-0.0364875219664446,-0.508354551287112,-0.0579183012572568,-9.59003028345484,-1.30327195015701,-8.28675833329783,-0.508354551287112,-0.0579183012572568,-0.450436250029855,"No strong descriptive pattern"
"Lipid",393,"Phosphatidylethanolamines","PEA-(36:02)",3,NA,"Phosphatidylethanolamine","Very-long-chain",2424.80488569575,4346.31309016033,4363.53884062206,4816.22860008757,6226.68174513878,2374.92440090884,4382.03681761864,4149.49148207106,4908.96316743064,6340.56604801798,0.369193299323089,-0.0786670600209995,0.611677095546962,0.163816736202873,2191.07456594692,526.926349811999,1664.14821613493,0.611677095546962,0.163816736202873,0.447860359344088,"No strong descriptive pattern"
"Lipid",258,"Lysophosphatidylcholines","LPC-(22:00)",3,NA,"Lysophosphatidylcholine","Very-long-chain",127.918814457606,130.538816207145,223.144397519902,234.813055785657,292.919821528797,124.345184078161,130.728294081585,222.112280176324,225.26650743327,281.930151598675,0.323704948152388,0.764717735458069,0.344048619115111,0.785061406420792,59.8178714223513,94.5382133516856,-34.7203419293343,0.344048619115111,0.785061406420792,-0.441012787305681,"No strong descriptive pattern"
"Lipid",79,"free Fatty Acids","FA-(18:02)",3,NA,"Fatty acid / Carboxylic acid","Long-chain",7.90799604470363,5.17605376568655,4.52211728949348,5.28486543171473,3.70261346917966,8.10149229602704,5.22528670976573,4.52152839533678,5.28302346622636,3.37074336134142,-0.648297029065519,-0.208699675633787,-0.42374373491053,0.0158536185212011,-1.15078503399537,0.0577367564606286,-1.20852179045599,-0.42374373491053,0.0158536185212011,-0.439597353431731,"No strong descriptive pattern"
"Lipid",636,"Plasmalogenethanolamines","PlasEA-(36:04)",3,NA,"Plasmalogen","Very-long-chain",622.106850102251,2267.43755326188,2732.132191189,5675.46134474732,9166.26364281765,633.687157339778,2234.66697641283,2707.73065881898,5545.56541318624,9057.3624075965,0.707756422766064,0.277024391174995,1.74200674508142,1.31127471349035,6349.63174877752,3310.89843677341,3038.73331200411,1.74200674508142,1.31127471349035,0.43073203159107,"No strong descriptive pattern"
"Lipid",620,"Plasmalogencholines","PlasC-(38:03)",2,NA,"Plasmalogen","Very-long-chain",2388.49912746354,2952.83405006441,3178.54358201686,3869.68149427188,3323.04199079125,2391.20317253118,3128.12635168204,3395.0410086216,4048.45453722497,3317.2755595211,-0.287372417711536,0.118130213509266,-0.0334301419272185,0.372072489293584,-77.7654491004996,920.328185542929,-998.093634643429,-0.0334301419272185,0.372072489293584,-0.405502631220802,"No strong descriptive pattern"
"Lipid",113,"Acylcarnitines","AC-(17:0) (+)",3,NA,"Acylcarnitine","Long-chain",101.864481830735,120.233508638759,160.644657703463,154.15063965256,175.385208043484,101.003637966874,117.626362363366,159.181932683236,157.947997599788,162.077857662356,0.0372373625988567,0.43646516523953,0.0260104121318233,0.425238214772496,2.89592497912017,40.3216352364217,-37.4257102573016,0.0260104121318233,0.425238214772496,-0.399227802640673,"No strong descriptive pattern"
"Lipid",639,"Plasmalogenethanolamines","PlasEA-(38:05)",3,NA,"Plasmalogen","Very-long-chain",1011.30664313046,3329.85243063514,3879.01063189406,6264.99191196817,9295.05666260901,1041.15734623536,3318.3087592971,3766.46797555688,6189.93002919359,9202.65238766066,0.57212663319669,0.182764131593935,1.28883747169212,0.89947497008936,5436.18441210378,2871.62126989649,2564.56314220729,1.28883747169212,0.89947497008936,0.389362501602755,"No strong descriptive pattern"
"Lipid",633,"Plasmalogenethanolamines","PlasEA-(36:01)",3,NA,"Plasmalogen","Very-long-chain",1146.81097185951,2444.58242883601,1689.15961562557,2502.88759905323,2209.37047856591,1188.55798074568,2512.01062049598,1664.94176691556,2536.38157346614,2192.14458832469,-0.210428843012253,-0.593370845386288,0.396871239553608,0.0139292371795724,527.202821409134,24.37095297016,502.831868438974,0.396871239553608,0.0139292371795724,0.382942002374035,"No strong descriptive pattern"
"Lipid",386,"Phosphatidylethanolamines","PEA-(34:01)",3,NA,"Phosphatidylethanolamine","Very-long-chain",1211.72497061252,2905.54263803369,6233.55733050404,3439.89956705345,8371.64175801787,1157.7640198381,2914.11844808053,6050.21927632451,3139.94961162441,8498.85175462671,1.43652653010508,1.05392791172433,0.490280507235163,0.107681888854414,2448.6324783022,225.831163543885,2222.80131475832,0.490280507235163,0.107681888854414,0.382598618380748,"No strong descriptive pattern"
"Lipid",78,"free Fatty Acids","FA-(18:01)",3,NA,"Fatty acid / Carboxylic acid","Long-chain",37.9534148568863,29.1851997612361,32.4083274370255,28.425437602845,23.6288162105361,39.5348837209302,26.3972142046227,30.9490635928613,27.677400986769,24.9214468348537,-0.151320647150648,0.229510074650457,-0.312507931708852,0.0683227900922526,-6.02761675800765,1.28018678214631,-7.30780354015396,-0.312507931708852,0.0683227900922526,-0.380830721801104,"No strong descriptive pattern"
"Lipid",264,"Lysophosphatidylcholines","LPC-(24:02)",3,NA,"Lysophosphatidylcholine","Very-long-chain",0.000992166232026299,3.66649836085056,0.000990781821209166,18.9463146338769,12.4886213206771,0.00097489349756488,0.00150640433643434,0.000957145630622731,22.3595094457679,18.4430526598319,-0.277811068914269,-0.654298154572105,14.2339779861211,13.8574909004633,18.4420955142012,22.3580030414315,-3.91590752723022,14.2339779861211,13.8574909004633,0.376487085657836,"No strong descriptive pattern"
"Lipid",643,"Plasmalogenethanolamines","PlasEA-(40:07)",3,NA,"Plasmalogen","Very-long-chain",186.934854393367,865.217956406103,946.072416348358,1708.55698335795,2364.86021704831,182.829576746322,848.48380590078,918.163426111711,1664.80424716291,2328.16821676146,0.483842750103347,0.113863840387776,1.34237243046226,0.972393520746686,1410.00479064975,816.320441262135,593.684349387619,1.34237243046226,0.972393520746686,0.369978909715571,"No strong descriptive pattern"
"Lipid",666,"Sphingomyelines","SM-(d18:1/16:00)",1,NA,"Sphingomyelin",NA,97195.1747154474,99009.6889457991,111158.808411873,115743.43381529,102104.826738095,96990.8993847985,97582.1693511392,110817.104581403,115799.395807504,102503.83332108,-0.175949862973368,0.183491116734891,-0.112502715051941,0.246938264656319,-8313.27126032366,18217.2264563644,-26530.497716688,-0.112502715051941,0.246938264656319,-0.359440979708259,"No strong descriptive pattern"
"Lipid",400,"Phosphatidylethanolamines","PEA-(38:02)",3,NA,"Phosphatidylethanolamine","Very-long-chain",5798.37693630622,6629.01796956519,7432.72946966513,5560.57038707565,7961.90392667255,5710.49910538313,6476.14224511318,7371.60131554858,5516.89064629104,8015.94844820861,0.539017846168441,0.186843372562942,0.120895183768837,-0.231279289836662,644.347132660026,-959.251598822143,1603.59873148217,0.120895183768837,-0.231279289836662,0.352174473605499,"No strong descriptive pattern"
"Lipid",617,"Plasmalogencholines","PlasC-(36:02)",3,NA,"Plasmalogen","Very-long-chain",2300.25976989057,2795.06343697874,3312.15858117664,3234.93772341757,3049.32261896447,2292.96120499457,2839.23396047203,3328.09213352439,3258.50892823458,3037.6731855067,-0.101245285116531,0.229193637113223,-0.131728710211652,0.198710212018103,-290.418948017682,419.274967762555,-709.693915780238,-0.131728710211652,0.198710212018103,-0.330438922229755,"No strong descriptive pattern"
"Lipid",106,"Acylcarnitines","AC-(12:1) (+)",3,NA,"Acylcarnitine","Medium-chain",187.10992771211,313.588235167883,189.096192935869,271.507568073607,166.680560072259,178.269339110025,369.998819946467,183.852361312537,300.297736305735,185.75623380261,-0.692982972607705,-1.00897296354303,0.0148629210991096,-0.301127069836217,1.90387249007352,-69.701083640732,71.6049561308055,0.0148629210991096,-0.301127069836217,0.315989990935327,"No strong descriptive pattern"
"Lipid",253,"Lysophosphatidylcholines","LPC-(20:01)",3,NA,"Lysophosphatidylcholine","Long-chain",1391.17254009566,646.526406742525,612.446287255706,1138.17611284188,828.970853786163,1393.57268806936,625.508299320682,573.793145436318,1125.67073797425,829.714919665376,-0.440097262968619,-0.124498292675071,0.532084994769886,0.847683965063434,255.921774229057,500.162438653563,-244.240664424506,0.532084994769886,0.847683965063434,-0.315598970293548,"No strong descriptive pattern"
"Lipid",668,"Sphingomyelines","SM-(d18:1/18:00)",1,NA,"Sphingomyelin",NA,21915.7727324859,21783.6491454465,23045.1210779555,22878.7085219928,19668.2334175818,21668.8183606044,21531.5519681823,23024.7574178528,22864.0878071505,19740.2820799991,-0.211940756654319,0.0967336456175161,-0.222043351158451,0.0866310511133842,-3284.47533785375,1332.53583896824,-4617.01117682199,-0.222043351158451,0.0866310511133842,-0.308674402271835,"No strong descriptive pattern"
"Lipid",667,"Sphingomyelines","SM-(d18:1/16:01)",1,NA,"Sphingomyelin",NA,11528.4300748201,14166.9581500199,15562.2231436513,15459.0273612412,13959.7905914621,11360.3325381998,13856.6516683457,15476.7293242269,15424.5608425553,13937.0618381771,-0.146302965120337,0.159521935266888,-0.151174171525978,0.154650728861248,-1539.6674860498,1567.90917420967,-3107.57666025946,-0.151174171525978,0.154650728861248,-0.305824900387226,"No strong descriptive pattern"
"Lipid",405,"Phosphatidylethanolamines","PEA-(38:07)",3,NA,"Phosphatidylethanolamine","Very-long-chain",37.8880839661346,59.3273871683603,90.9389164702453,71.9398346283085,158.060501868072,43.8307196179964,60.4489932124373,80.8447977694797,75.2495282666815,124.095866339376,0.721700616899053,0.419436630253297,0.618228213041145,0.315964226395389,43.2510685698958,14.8005350542442,28.4505335156517,0.618228213041145,0.315964226395389,0.302263986645756,"No strong descriptive pattern"
"Lipid",640,"Plasmalogenethanolamines","PlasEA-(38:06)",3,NA,"Plasmalogen","Very-long-chain",603.450476910159,1685.70770775978,1983.74211627608,3090.30428926357,4411.73090799475,592.007001076766,1661.93522571014,1954.77281283983,3022.85303330539,4342.43466961421,0.522593305317599,0.234136790852808,1.15150319956318,0.863046685098392,2387.66185677438,1360.91780759524,1026.74404917914,1.15150319956318,0.863046685098392,0.288456514464791,"No strong descriptive pattern"
"Lipid",635,"Plasmalogenethanolamines","PlasEA-(36:03)",3,NA,"Plasmalogen","Very-long-chain",172.770685674996,995.518430154881,1693.02770730158,2211.84729982608,2895.38304702104,167.834947101348,1005.84056178424,1630.93615816792,2113.09466683081,2805.95695984357,0.409135478254679,0.697298671694316,0.782792569955323,1.07095576339496,1175.02080167565,1107.25410504657,67.7666966290824,0.782792569955323,1.07095576339496,-0.288163193439637,"Adipocyte-enriched; further increased after BMC co-culture"
"Lipid",658,"Ceramides","CA-(20:04)",3,NA,"Fatty acid / Carboxylic acid","Long-chain",0.000302313568244266,0.000279955286816122,0.000230089444174386,0.000210795732889695,0.789618805443337,0.000301607992853097,0.000288422240931212,0.000209786498182934,0.000203091664407272,0.000180321155584519,-0.171561464432113,-0.45925871427061,-0.218352039480202,-0.506049289318698,-2.94653425984151e-05,-8.53305765239397e-05,5.58652339255246e-05,-0.218352039480202,-0.506049289318698,0.287697249838496,"No strong descriptive pattern"
"Lipid",618,"Plasmalogencholines","PlasC-(36:03)",3,NA,"Plasmalogen","Very-long-chain",2851.84354947715,3402.38362110377,4273.22624585741,4381.63905426644,4519.46158330176,2898.69119886334,3422.20869859446,4318.18810306823,4361.43117838702,4522.80269874421,0.052415436971682,0.335498346216361,0.0667909722297197,0.349873881474398,204.614595675986,939.222479792565,-734.607884116579,0.0667909722297197,0.349873881474398,-0.283082909244679,"No strong descriptive pattern"
"Lipid",669,"Sphingomyelines","SM-(d18:1/18:01)",1,NA,"Sphingomyelin",NA,7416.08569052559,7357.81902930995,7816.45543151086,7869.10287156547,6945.82643194334,7195.8809595454,7332.23472338093,7850.35340477547,7824.76411426385,6943.86597292904,-0.172308159278748,0.0985046313294817,-0.177018500400095,0.0937942902081352,-906.487431846434,492.529390882926,-1399.01682272936,-0.177018500400095,0.0937942902081352,-0.27081279060823,"No strong descriptive pattern"
"Lipid",105,"Acylcarnitines","AC-(12:0) (+)",3,NA,"Acylcarnitine","Medium-chain",145.672091031382,140.514525321997,126.397583837276,162.532523931946,117.342798970336,149.248129214486,142.13049745837,121.346766159912,155.438235168381,110.152176276733,-0.496843427247737,-0.228080490336418,-0.139637663137629,0.12912527377369,-11.1945898831786,13.3077377100112,-24.5023275931897,-0.139637663137629,0.12912527377369,-0.268762936911319,"No strong descriptive pattern"
"Lipid",261,"Lysophosphatidylcholines","LPC-(22:06)",3,NA,"Lysophosphatidylcholine","Very-long-chain",9600.40506606724,1237.09504709506,573.282113042711,1479.75342613129,854.337226430504,9899.3787350267,1232.55657191322,555.457036986306,1521.83472911611,815.642538908402,-0.899802766467311,-1.14990663226976,0.554261691840792,0.304157826038342,260.185501922095,289.27815720289,-29.092655280795,0.554261691840792,0.304157826038342,0.25010386580245,"No strong descriptive pattern"
"Lipid",262,"Lysophosphatidylcholines","LPC-(24:00)",3,NA,"Lysophosphatidylcholine","Very-long-chain",114.707837596435,258.8066895917,326.030071501366,403.713878052592,428.021628931641,123.597972514773,256.965485425018,336.074888115514,393.142555229336,434.019242933123,0.142706473311953,0.387208151503965,0.368976261348639,0.613477939540651,97.9443548176083,136.177069804318,-38.2327149867094,0.368976261348639,0.613477939540651,-0.244501678192012,"No strong descriptive pattern"
"Lipid",674,"Sphingomyelines","SM-(d18:1/22:06)",3,NA,"Sphingomyelin",NA,1.77919790579037,0.00143852214842917,1.94367736344181,2.09886321366997,1.80539549511959,0.00106491125672793,0.00148043348809834,0.00108999322865687,0.00108296574118884,0.00094078007854682,-0.203057987875225,-0.441700153879534,-0.21238954680124,-0.451031712805548,-0.000149213150110046,-0.000397467746909508,0.000248254596799462,-0.21238954680124,-0.451031712805548,0.238642166004308,"No strong descriptive pattern"
"Lipid",415,"Phosphatidylethanolamines","PEA-(40:08)",3,NA,"Phosphatidylethanolamine","Very-long-chain",15.4184362179187,27.7036008154489,34.6605004822742,63.7686796827614,80.4708935604285,12.2594503100963,24.221372298777,32.6660070696176,54.4579935755792,84.844251383745,0.639673083978516,0.4315095122298,1.37702679567144,1.16886322392272,52.1782443141274,30.2366212768022,21.9416230373251,1.37702679567144,1.16886322392272,0.208163571748716,"No strong descriptive pattern"
"Lipid",263,"Lysophosphatidylcholines","LPC-(24:01)",3,NA,"Lysophosphatidylcholine","Very-long-chain",71.3594332769498,123.096722264019,148.792628178121,256.820026325433,206.194541814168,77.6122462346377,110.215312321945,116.419672231701,252.120716197979,231.118619556362,-0.12548117410876,0.0790101880581611,0.989298631055101,1.19378999322202,114.698947324661,141.905403876033,-27.2064565513727,0.989298631055101,1.19378999322202,-0.204491362166921,"No strong descriptive pattern"
"Lipid",385,"Phosphatidylethanolamines","PEA-(34:00)",3,NA,"Phosphatidylethanolamine","Very-long-chain",3334.63703478335,3843.67109225206,7179.90308612197,4619.02090986928,9497.51617554077,3367.31236228752,3836.79025978992,7234.19599063587,4473.57769571583,9630.58549238548,1.10619443664008,0.914932782982333,0.412790825145028,0.221529171487286,2396.38950174961,636.787435925908,1759.60206582371,0.412790825145028,0.221529171487286,0.191261653657742,"No strong descriptive pattern"
"Lipid",613,"Plasmalogencholines","PlasC-(34:02)",3,NA,"Plasmalogen","Very-long-chain",808.595944203761,915.594713200106,1172.63571911131,913.748117416043,1033.31128601269,849.47555878456,893.431247032934,1193.69693489664,873.440142118733,1026.27844546632,0.232641467832724,0.418007982679415,-0.218014390518618,-0.032647875671927,-167.418489430316,-19.9911049142007,-147.427384516116,-0.218014390518618,-0.032647875671927,-0.185366514846691,"No strong descriptive pattern"
"Lipid",610,"Plasmalogencholines","PlasC-(32:00)",3,NA,"Plasmalogen","Very-long-chain",4979.83938536885,6831.65347330924,6188.60793278324,6667.45486911364,6192.90268393268,4910.52624140262,6731.4022726697,5840.6377754812,6274.17068530345,6150.91046842665,-0.0286248009483379,-0.204781161046534,0.0746740619476082,-0.101482298150587,310.272692945447,-457.231587366255,767.504280311701,0.0746740619476082,-0.101482298150587,0.176156360098195,"No strong descriptive pattern"
"Lipid",654,"Ceramides","CA-(18:02)",3,NA,"Fatty acid / Carboxylic acid","Long-chain",170.902093989232,164.908370519116,144.722463482175,130.587451897468,104.354601431894,162.582693371441,166.865048138703,140.799726580674,138.405141468576,104.247086145367,-0.408890478292546,-0.245037264369196,-0.433637473550442,-0.269784259627092,-36.5526404353077,-28.4599066701269,-8.09273376518074,-0.433637473550442,-0.269784259627092,-0.16385321392335,"No strong descriptive pattern"
"Lipid",110,"Acylcarnitines","AC-(15:0) (+)",3,NA,"Acylcarnitine","Long-chain",46.2767174924932,57.143448968896,69.1795094361484,77.300037486012,81.7265395531591,43.6943737748036,57.7731204304201,71.7849651510742,76.9143928707135,85.6959209532702,0.155972942289064,0.313283294152641,0.255544821515779,0.412855173379356,13.910955802196,19.1412724402934,-5.23031663809742,0.255544821515779,0.412855173379356,-0.157310351863577,"No strong descriptive pattern"
"Lipid",616,"Plasmalogencholines","PlasC-(36:01)",3,NA,"Plasmalogen","Very-long-chain",2123.93990226788,3615.23288980224,3212.09055077894,4084.9994481268,2981.46079327557,2186.57712317201,3560.95155078873,2933.08442586409,4075.80979380588,3023.46772707283,-0.430882547152739,-0.279844208761657,0.0437855813304399,0.194823919721522,90.3833012087362,514.858243017146,-424.47494180841,0.0437855813304399,0.194823919721522,-0.151038338391083,"No strong descriptive pattern"
"Lipid",409,"Phosphatidylethanolamines","PEA-(40:02)",3,NA,"Phosphatidylethanolamine","Very-long-chain",4540.38517670901,4337.63286359482,4661.90773536405,3845.5354824187,4151.67118736663,4633.88487842805,4969.09691472443,4692.679177763,3882.25349281468,4051.4396445615,0.0615403261948415,-0.0825718480786153,-0.211977183176447,-0.356089357449903,-641.239533201493,-1086.84342190975,445.603888708258,-0.211977183176447,-0.356089357449903,0.144112174273457,"No strong descriptive pattern"
"Lipid",392,"Phosphatidylethanolamines","PEA-(36:01)",3,NA,"Phosphatidylethanolamine","Very-long-chain",11841.8060095563,13677.995361893,22402.8426414336,15832.4335507961,24406.7962640662,11851.4966810999,13267.9634996301,22374.0046321943,15802.5808641747,24172.9043711876,0.613230625749498,0.753876553265228,0.111567321498287,0.252213249014018,1798.89973899325,2534.61736454458,-735.717625551331,0.111567321498287,0.252213249014018,-0.140645927515731,"No strong descriptive pattern"
"Lipid",665,"Sphingomyelines","SM-(d18:1/14:00)",1,NA,"Sphingomyelin",NA,3916.40694918646,3773.04521029552,3518.35779302905,4641.34175450375,4030.98762994921,3846.84200097623,3654.0103766248,3470.27973489378,4677.35036518872,4069.54085279069,-0.200825469266496,-0.0744287695957864,0.229814069830193,0.356210769500903,599.261117896907,1023.33998856393,-424.07887066702,0.229814069830193,0.356210769500903,-0.12639669967071,"No strong descriptive pattern"
"Lipid",121,"Acylcarnitines","AC-(20:2) (+)",3,NA,"Acylcarnitine","Long-chain",17.2483013625769,10.2022162415716,9.82746044125104,16.387920008172,13.8116944645942,17.5349105902356,8.54432539625559,10.3017584223924,15.2805839020865,16.955776918416,0.150077217827705,0.269852118353372,0.718886276331489,0.838661176857156,6.65401849602356,6.73625850583089,-0.0822400098073306,0.718886276331489,0.838661176857156,-0.119774900525667,"No strong descriptive pattern"
"Lipid",255,"Lysophosphatidylcholines","LPC-(20:03)",3,NA,"Lysophosphatidylcholine","Long-chain",8947.17668398895,1653.01501250937,977.3923969535,2193.46079122981,1585.72937463608,9086.63111004654,1513.9560479453,1075.47958623269,2216.59067523966,1705.6979537905,-0.377980184987332,-0.493343181566948,0.665382054700018,0.550019058120402,630.21836755781,702.634627294361,-72.416259736551,0.665382054700018,0.550019058120402,0.115362996579616,"No strong descriptive pattern"
"Lipid",399,"Phosphatidylethanolamines","PEA-(38:01)",2,NA,"Phosphatidylethanolamine","Very-long-chain",22590.6136206486,23986.7060545031,25676.6088362126,19686.5670290795,23212.6744766447,22483.5583540857,23890.4090570384,26198.3098887634,19694.7236418261,23378.2458461975,0.247357510272441,0.133042187139436,-0.164307059962128,-0.278622383095133,-2820.06404256595,-4195.68541521229,1375.62137264635,-0.164307059962128,-0.278622383095133,0.114315323133004,"No strong descriptive pattern"
"Lipid",622,"Plasmalogencholines","PlasC-(38:05)",3,NA,"Plasmalogen","Very-long-chain",7685.76458178011,8152.0222622703,8098.54151650632,7492.58111082316,7199.82631721007,7514.00333120328,8086.51558556703,8116.13438292484,7544.18735227616,7032.20796368649,-0.101387768358902,0.00527456184584694,-0.206815016746992,-0.100152686542243,-1083.92641923834,-542.328233290872,-541.59818594747,-0.206815016746992,-0.100152686542243,-0.106662330204749,"No strong descriptive pattern"
"Lipid",624,"Plasmalogencholines","PlasC-(40:05)",3,NA,"Plasmalogen","Very-long-chain",3620.03772780054,4141.33236996892,3774.54418872952,3880.99503066445,3767.28049255259,3616.30406113958,4138.71762452959,3792.39504023052,3842.75989816501,3786.82522270169,-0.0211540007557946,-0.126074567614364,-0.00212041589906757,-0.107040982757637,-5.56981752883121,-295.957726364581,290.38790883575,-0.00212041589906757,-0.107040982757637,0.10492056685857,"No strong descriptive pattern"
"Lipid",413,"Phosphatidylethanolamines","PEA-(40:06)",3,NA,"Phosphatidylethanolamine","Very-long-chain",1480.53017050025,1824.87191876218,1691.815343212,2522.68850988028,2748.67564993962,1521.84383713803,1817.96490691304,1742.47860623258,2581.30546132276,2659.58813809342,0.043101974035151,-0.0611834076245494,0.610061905195306,0.505776523535605,917.109531860847,763.340554409723,153.768977451124,0.610061905195306,0.505776523535605,0.104285381659701,"No strong descriptive pattern"
"Lipid",638,"Plasmalogenethanolamines","PlasEA-(38:04)",3,NA,"Plasmalogen","Very-long-chain",1289.61937971632,3561.68635179494,3963.64448694102,6280.11108121076,7598.68599001017,1296.72068855705,3519.15768299848,3970.13901638479,6155.66932500534,7437.74238716574,0.272949045844863,0.173959366520712,0.905675254852584,0.806685575528432,3467.60337078095,2636.51164200686,831.091728774086,0.905675254852584,0.806685575528432,0.0989896793241513,"No strong descriptive pattern"
"Lipid",625,"Plasmalogencholines","PlasC-(40:06)",3,NA,"Plasmalogen","Very-long-chain",4334.17876156916,4850.08140437509,4449.00709961778,4713.33774091996,4487.34132309988,4333.11857906966,4911.78800499516,4427.29494229916,4694.05219317002,4530.52193846998,-0.0511566178479598,-0.14982280702926,0.0332517777813692,-0.0654144113999307,103.226996170823,-217.735811825145,320.962807995968,0.0332517777813692,-0.0654144113999307,0.0986661891812999,"No strong descriptive pattern"
"Lipid",391,"Phosphatidylethanolamines","PEA-(36:00)",2,NA,"Phosphatidylethanolamine","Very-long-chain",3601.49442112377,2528.88872201019,3618.74628862363,2124.99725769053,3186.20178887641,3558.09852955946,2477.84683289244,3527.82630415521,1999.47748202547,3042.11346176809,0.605450928582496,0.509692519577445,-0.213705567904924,-0.309463976909974,-485.71284238712,-478.369350866975,-7.34349152014556,-0.213705567904924,-0.309463976909974,0.0957584090050504,"No strong descriptive pattern"
"Lipid",649,"Ceramides","CA-(14:00)",3,NA,"Fatty acid / Carboxylic acid","Long-chain",15.0525134199625,13.7399374638571,13.0939010754552,12.7277329314843,11.3419343417765,14.4086964259685,15.2213341319525,14.6307236746878,12.5394886354982,11.3980784898983,-0.137687883176266,-0.0570936841023126,-0.360210498195147,-0.279616299121194,-3.23264518478954,-2.68184549645427,-0.550799688335269,-0.360210498195147,-0.279616299121194,-0.0805941990739537,"No strong descriptive pattern"
"Lipid",408,"Phosphatidylethanolamines","PEA-(40:01)",3,NA,"Phosphatidylethanolamine","Very-long-chain",6074.30939292097,6020.71846979023,6125.43176107607,4717.75803856832,5143.64640208421,6086.96788668745,6183.11905110674,6167.78881396891,4870.93614356472,5137.85700150639,0.076967667217927,-0.00358141582692138,-0.263586630756323,-0.344135713801171,-1029.93181246252,-1312.18290754202,282.251095079503,-0.263586630756323,-0.344135713801171,0.0805490830448484,"No strong descriptive pattern"
"Lipid",410,"Phosphatidylethanolamines","PEA-(40:03)",3,NA,"Phosphatidylethanolamine","Very-long-chain",5297.36376352292,5030.35825391006,5828.55884516054,4150.11170961566,4760.87269733979,5235.1075051271,5229.96886229447,5831.22564869517,4154.39634563419,4887.00487526564,0.234311682325546,0.156996794142793,-0.254848607441282,-0.332163495624036,-944.220773429529,-1075.57251666028,131.351743230754,-0.254848607441282,-0.332163495624036,0.0773148881827532,"No strong descriptive pattern"
"Lipid",70,"free Fatty Acids","FA-(14:00)",3,NA,"Fatty acid / Carboxylic acid","Long-chain",9.34408750196911,6.39522374986005,6.23842716868916,7.23469718912346,6.13860252741266,9.1371385078655,6.37807533224111,5.96919791592605,6.98857112464764,6.24650515060333,-0.161948270091207,-0.0955840486583653,0.0655121549601569,0.131876376392998,0.277307234677275,0.610495792406533,-0.333188557729257,0.0655121549601569,0.131876376392998,-0.0663642214328413,"No strong descriptive pattern"
"Lipid",412,"Phosphatidylethanolamines","PEA-(40:05)",3,NA,"Phosphatidylethanolamine","Very-long-chain",1772.33885694196,2168.62235755157,1993.07974112542,2232.86737107575,2295.36668395559,1871.07799631173,2348.27692272299,2093.16521671819,2297.63311209513,2107.94947519515,-0.12430815780198,-0.165916359419448,0.0101540976628462,-0.0314541039546219,14.7842584769587,-50.6438106278574,65.4280691048161,0.0101540976628462,-0.0314541039546219,0.0416082016174681,"No strong descriptive pattern"
"Lipid",118,"Acylcarnitines","AC-(19:0) (+)",3,NA,"Acylcarnitine","Long-chain",74.6494032469942,125.250711492973,96.0640118641139,106.359150727555,86.3342417582633,75.76969752424,142.491723229466,104.792132223099,125.434205022738,89.6925049853891,-0.483871475816817,-0.443347717737475,-0.224471064893187,-0.183947306813844,-15.0996272377099,-17.0575182067273,1.95789096901734,-0.224471064893187,-0.183947306813844,-0.0405237580793423,"No strong descriptive pattern"
"Lipid",611,"Plasmalogencholines","PlasC-(34:00)",1,NA,"Plasmalogen","Very-long-chain",11251.534484781,16961.0385639295,14471.6535895368,17438.2571456714,13877.983947006,11246.3418132333,16749.4626923743,13255.5219899132,17121.1566320166,13907.2082363019,-0.299947328173788,-0.337521332670236,0.0692393558663442,0.031665351369896,651.686246388717,371.693939642224,279.992306746493,0.0692393558663442,0.031665351369896,0.0375740044964482,"No strong descriptive pattern"
"Lipid",252,"Lysophosphatidylcholines","LPC-(20:00)",3,NA,"Lysophosphatidylcholine","Long-chain",576.313663625689,486.465790178221,417.840948718362,497.375292934538,427.463046795306,573.709115546969,496.988924122054,406.445111703242,503.118809212803,421.532489653356,-0.255255294819434,-0.290153163295008,0.0525832943001335,0.017685425824559,15.0873779501136,6.12988509074899,8.95749285936466,0.0525832943001335,0.017685425824559,0.0348978684755744,"No strong descriptive pattern"
"Lipid",637,"Plasmalogenethanolamines","PlasEA-(38:03)",3,NA,"Plasmalogen","Very-long-chain",245.058614271449,1299.66572631237,1575.63305753201,2152.07397193823,2339.29558422299,267.461714749716,1299.82056494875,1503.52684967022,2076.73830576647,2346.2506194603,0.176037695408795,0.210038152794779,0.642006494467804,0.676006951853787,842.723769790079,776.917740817725,65.8060289723533,0.642006494467804,0.676006951853787,-0.0340004573859835,"No strong descriptive pattern"
"Lipid",619,"Plasmalogencholines","PlasC-(36:04)",3,NA,"Plasmalogen","Very-long-chain",4452.23171592041,4752.64939271525,5444.46695110025,4168.28320143848,4546.23161692287,4344.55417021946,4812.60855887227,5519.81673739354,4061.32878656274,4555.94485056112,0.165798457447126,0.197801284905064,-0.276870085682269,-0.244867258224331,-963.871886832419,-751.279772309536,-212.592114522882,-0.276870085682269,-0.244867258224331,-0.0320028274579377,"No strong descriptive pattern"
"Lipid",623,"Plasmalogencholines","PlasC-(38:06)",3,NA,"Plasmalogen","Very-long-chain",6186.83911149261,5986.01555121939,6088.10675831682,5710.42907695535,5352.26577061511,6160.99739060786,6202.88899785208,6077.80769295683,5395.66928586117,5395.86439254835,5.21667185511603e-05,-0.0293892803007243,-0.171696936167459,-0.201138383186734,-681.943300408475,-807.219711990912,125.276411582438,-0.171696936167459,-0.201138383186734,0.0294414470192756,"No strong descriptive pattern"
"Lipid",73,"free Fatty Acids","FA-(16:00)",3,NA,"Fatty acid / Carboxylic acid","Long-chain",98.3184623496392,76.6048083296383,65.6514518877887,59.7785068904906,51.1511642376748,94.285163677616,71.0735366246831,63.0842685090956,59.2446817909029,53.1461257943104,-0.156721126507523,-0.172032208319649,-0.247315754267701,-0.262626836079827,-9.93814271478524,-11.8288548337802,1.89071211899498,-0.247315754267701,-0.262626836079827,0.0153110818121258,"No strong descriptive pattern"
"Lipid",5,"Signalling","lysoPAF-(20:0)",1,NA,"Lysophospholipid / PAF","Long-chain",305.555709952127,342.874382418537,298.888611630977,418.953069324956,335.046579186971,318.180881615607,352.400089882113,292.739070442093,419.04680825551,351.766161060763,-0.252494698282752,-0.267598984227571,0.265001398181141,0.249897112236321,59.0270906186699,66.6467183733965,-7.61962775472659,0.265001398181141,0.249897112236321,0.0151042859448196,"No strong descriptive pattern"
"Lipid",7,"Signalling","lysoPAF-(22:0)",2,NA,"Lysophospholipid / PAF","Very-long-chain",514.005239413624,560.613119881125,473.11574244652,684.736029578861,594.136885960722,516.914313483277,555.201281810682,468.487616177604,704.972603300093,591.648897914994,-0.25282590091561,-0.244999985975239,0.336730378818005,0.344556293758376,123.161281737391,149.771321489411,-26.6100397520207,0.336730378818005,0.344556293758376,-0.00782591494037116,"No strong descriptive pattern"
"Lipid",621,"Plasmalogencholines","PlasC-(38:04)",3,NA,"Plasmalogen","Very-long-chain",6250.84803238401,7147.77842312289,6941.95325039632,8307.22172673099,7959.07639829513,6143.2055842773,7110.33090346498,6951.05095604817,8255.58429876589,8108.36241367658,-0.025959753849467,-0.0326855812114904,0.222179452431669,0.215453625069646,1157.31145762842,1145.25339530091,12.0580623275073,0.222179452431669,0.215453625069646,0.00672582736202332,"No strong descriptive pattern"
"Lipid",612,"Plasmalogencholines","PlasC-(34:01)",3,NA,"Plasmalogen","Very-long-chain",8951.23993359856,10195.0309856099,9721.63370854096,9110.22023645185,8622.66634529762,8941.93958602154,10393.1926817262,9607.05486467485,9345.70935317479,8602.61564160869,-0.119528790135963,-0.113472771570839,-0.159318846017847,-0.153262827452723,-1004.43922306616,-1047.48332855146,43.0441054853036,-0.159318846017847,-0.153262827452723,-0.00605601856512339,"No strong descriptive pattern"
"Lipid",626,"Plasmalogencholines","PlasC-(40:07)",3,NA,"Plasmalogen","Very-long-chain",2110.78841453185,2210.49541636145,2146.48640391873,2099.35710502269,1973.59407867469,2152.74561138258,2261.56784309755,2133.49170615214,2088.36406116502,1972.68129316145,-0.0822153438014468,-0.0841067728163527,-0.113058609392503,-0.114950038407409,-160.810412990694,-173.203781932531,12.3933689418363,-0.113058609392503,-0.114950038407409,0.00189142901490591,"No strong descriptive pattern"
